{
  "best_metric": 0.9954166666666666,
  "best_model_checkpoint": "./banglabert_results\\checkpoint-1200",
  "epoch": 1.0,
  "global_step": 1200,
  "is_hyper_param_search": false,
  "is_local_process_zero": true,
  "is_world_process_zero": true,
  "log_history": [
    {
      "epoch": 1.0,
      "learning_rate": 3.3333333333333335e-05,
      "loss": 0.0569,
      "step": 1200
    },
    {
      "epoch": 1.0,
      "eval_accuracy": 0.9954166666666666,
      "eval_f1": 0.9954375777685608,
      "eval_loss": 0.02226274088025093,
      "eval_precision": 0.990916597853014,
      "eval_recall": 1.0,
      "eval_runtime": 14.0827,
      "eval_samples_per_second": 170.422,
      "eval_steps_per_second": 10.651,
      "step": 1200
    }
  ],
  "max_steps": 3600,
  "num_train_epochs": 3,
  "total_flos": 2525866131456000.0,
  "trial_name": null,
  "trial_params": null
}
