{
  "best_metric": 0.97875,
  "best_model_checkpoint": "./IndicBERTv2-SS_results\\checkpoint-2400",
  "epoch": 2.0,
  "global_step": 2400,
  "is_hyper_param_search": false,
  "is_local_process_zero": true,
  "is_world_process_zero": true,
  "log_history": [
    {
      "epoch": 1.0,
      "learning_rate": 3.3333333333333335e-05,
      "loss": 0.2337,
      "step": 1200
    },
    {
      "epoch": 1.0,
      "eval_accuracy": 0.95125,
      "eval_f1": 0.9529553679131484,
      "eval_loss": 0.1445961743593216,
      "eval_precision": 0.9207459207459208,
      "eval_recall": 0.9875,
      "eval_runtime": 20.393,
      "eval_samples_per_second": 117.688,
      "eval_steps_per_second": 7.355,
      "step": 1200
    },
    {
      "epoch": 2.0,
      "learning_rate": 1.6666666666666667e-05,
      "loss": 0.0995,
      "step": 2400
    },
    {
      "epoch": 2.0,
      "eval_accuracy": 0.97875,
      "eval_f1": 0.9784355179704017,
      "eval_loss": 0.07536036521196365,
      "eval_precision": 0.9931330472103004,
      "eval_recall": 0.9641666666666666,
      "eval_runtime": 19.2605,
      "eval_samples_per_second": 124.607,
      "eval_steps_per_second": 7.788,
      "step": 2400
    }
  ],
  "max_steps": 3600,
  "num_train_epochs": 3,
  "total_flos": 5051732262912000.0,
  "trial_name": null,
  "trial_params": null
}
