{
  "best_metric": 0.9991666666666666,
  "best_model_checkpoint": "./banglabert_results\\checkpoint-1200",
  "epoch": 2.0,
  "global_step": 2400,
  "is_hyper_param_search": false,
  "is_local_process_zero": true,
  "is_world_process_zero": true,
  "log_history": [
    {
      "epoch": 1.0,
      "learning_rate": 3.3333333333333335e-05,
      "loss": 0.0571,
      "step": 1200
    },
    {
      "epoch": 1.0,
      "eval_accuracy": 0.9991666666666666,
      "eval_f1": 0.9991673605328892,
      "eval_loss": 0.004435913637280464,
      "eval_precision": 0.9983361064891847,
      "eval_recall": 1.0,
      "eval_runtime": 14.5716,
      "eval_samples_per_second": 164.704,
      "eval_steps_per_second": 10.294,
      "step": 1200
    },
    {
      "epoch": 2.0,
      "learning_rate": 1.6666666666666667e-05,
      "loss": 0.0083,
      "step": 2400
    },
    {
      "epoch": 2.0,
      "eval_accuracy": 0.9983333333333333,
      "eval_f1": 0.9983333333333333,
      "eval_loss": 0.009453454986214638,
      "eval_precision": 0.9983333333333333,
      "eval_recall": 0.9983333333333333,
      "eval_runtime": 14.7748,
      "eval_samples_per_second": 162.439,
      "eval_steps_per_second": 10.152,
      "step": 2400
    }
  ],
  "max_steps": 3600,
  "num_train_epochs": 3,
  "total_flos": 5051732262912000.0,
  "trial_name": null,
  "trial_params": null
}
